PDV;Descripcion;nombre_planta
VNTP017;TDA.SANTA CRUZ (2);VILLANUEVA
VNTP018;TDA.PEÑA BLANCA #1;VILLANUEVA
VNTP019;TDA.PEÑA BLANCA #2;VILLANUEVA
VNTP020;TDA.RIO LINDO #1;VILLANUEVA
VNTP021;TDA.DOS CAMINOS #2;VILLANUEVA
VNTP022;TDA. VILLANUEVA #4;VILLANUEVA
VNTP023;TDA.CALAN;VILLANUEVA
VNTP024;TDA.DOS CAMINOS #1;VILLANUEVA
VNTP025;TDA.DOS CAMINOS 1 (#3);VILLANUEVA
VNTP026;TDA.VILLANUEVA #1;VILLANUEVA
VNTP028;TDA.VILLANUEVA #2;VILLANUEVA
VNTP029;TDA.VILLANUEVA #2 (REGALO DE DIOS);VILLANUEVA
VNTP031;TDA.SIGUATEPEQUE #1;VILLANUEVA
VNVIP034;TDA.SIGUATEPEQUE #1 (VIP 19);VILLANUEVA
VNTP032;TDA.AZACUALPA;VILLANUEVA
VNTP033;TDA.EL NEGRITO;VILLANUEVA
VNTP034;TDA.LA FLECHA;VILLANUEVA
VNTP035;TDA.LA FLECHA (QUIMISTAN);VILLANUEVA
VNTP036;TDA.SULA;VILLANUEVA
VNTP037;TDA.POTRERILLOS;VILLANUEVA
VNTP116;TDA.ESPERANZA # 6;VILLANUEVA
VNGRN004;VILLANUEVA GRANEL 4;VILLANUEVA
VNGRN005;VILLANUEVA GRANEL 5;VILLANUEVA
VNTP127;TDA.STA. BARBARA(#5);VILLANUEVA
VNCI001;VILLANUEVA AUTOCONSUMO;VILLANUEVA
VNTP130;TDA.REAL DEL PUENTE (VILLAS DEL RIO#3);VILLANUEVA
VNTP117;TDA. RIO LINDO # 4;VILLANUEVA
VNTP122;TDA.EL PLAN 3;VILLANUEVA
VNTP126;TDA.VILLA REAL (PUEBLO NUEVO);VILLANUEVA
VNTP128;TDA.SANTA CRUZ (3);VILLANUEVA
VNTP115;TDA.ESPERANZA # 5;VILLANUEVA
VNTP118;TDA. BOGRAN # 3;VILLANUEVA
VNGRNDEMO001;DEMO APP (PRUEBAS IT);VILLANUEVA
VNTP120;TDA.TAULABE 2;VILLANUEVA
VNTP121;TDA.EL PLAN 2;VILLANUEVA
VNGRN002;VILLANUEVA GRANEL 2;VILLANUEVA
VNGRN002;VILLANUEVA GRANEL 2;VILLANUEVA
VNTP125;TDA.DOS CAMINOS #2 (5);VILLANUEVA
VNTP129;TDA.REAL DEL PUENTE (VILLAS DEL RIO#2);VILLANUEVA
VNTP114;TDA.ESPERANZA # 4;VILLANUEVA
VNTP119;TDA.DOS CAMINOS #2 (4);VILLANUEVA
VNGRN008;VILLANUEVA GRANEL 8;VILLANUEVA
VNGRN008;VILLANUEVA GRANEL 8;VILLANUEVA
VNGRN001;VILLANUEVA GRANEL 1;VILLANUEVA
VNGRN003;VILLANUEVA GRANEL 3;VILLANUEVA
VNGRN006;VILLANUEVA GRANEL 6;VILLANUEVA
VNTP131;"TDA.CHOLOMA (#5)
";VILLANUEVA
VNTP132;"TDA.CHOLOMA (#6)
";VILLANUEVA
VNTP133;TDA. QUIMISTAN;VILLANUEVA
VNGRN007;VILLANUEVA GRANEL 7;VILLANUEVA
VNGRN007;VILLANUEVA GRANEL 7;VILLANUEVA
VNTP123;TDA.SIGUATEPEQUE (2);VILLANUEVA
VNTP124;TDA.SANTA RITA #2(3);VILLANUEVA
VNTP101;TDA.CEDIS SIGUATEPEQUE;VILLANUEVA
VNTP102;TDA.CEDIS SIGUATEPEQUE (2);VILLANUEVA
VNTP103;Tda.Rio Lindo #3;VILLANUEVA
VNTP104;TDA.RIO LINDO #3 (2);VILLANUEVA
VNTP105;TDA. SIGUATEPEQUE #5;VILLANUEVA
VNTP107;TDA.CEDIS VILLANUEVA #1 (BENDICION);VILLANUEVA
VNTP108;TDA.JESUS DE OTORO;VILLANUEVA
VNTP109;TDA.POTRERILLOS #3;VILLANUEVA
VNTP110;TDA.SIGUATEPEQUE #3;VILLANUEVA
VNTP112;LA LIBERTAD;VILLANUEVA
VNTP111;BUENA VISTA#1;VILLANUEVA
VNPB001;PLANTA VILLANUEVA - CAJA;VILLANUEVA
VNVIP001;PLANTA VILLANUEVA - VIP 02;VILLANUEVA
VNVIP003;PLANTA VILLANUEVA - VIP 04;VILLANUEVA
VNVIP004;PLANTA VILLANUEVA - VIP 05;VILLANUEVA
VNVIP005;PLANTA VILLANUEVA - VIP 06;VILLANUEVA
VNVIP006;PLANTA VILLANUEVA - VIP 07;VILLANUEVA
VNVIP007;PLANTA VILLANUEVA - VIP 08;VILLANUEVA
VNVIP008;PLANTA VILLANUEVA - VIP 09;VILLANUEVA
VNVIP009;PLANTA VILLANUEVA - VIP 10;VILLANUEVA
VNVIP010;PLANTA VILLANUEVA - VIP 12;VILLANUEVA
VNVIP011;PLANTA VILLANUEVA - VIP 13;VILLANUEVA
VNVIP012;PLANTA VILLANUEVA - VIP 14;VILLANUEVA
VNVIP013;PLANTA VILLANUEVA - VIP 15;VILLANUEVA
VNVIP014;PLANTA VILLANUEVA - VIP 16;VILLANUEVA
VNVIP015;PLANTA VILLANUEVA - VIP 17;VILLANUEVA
VNVIP018;PLANTA VILLANUEVA - VIP 22;VILLANUEVA
VNVIP020;PLANTA VILLANUEVA - VIP 26;VILLANUEVA
VNVIP022;PLANTA VILLANUEVA - VIP 38;VILLANUEVA
VNVIP023;PLANTA VILLANUEVA - VIP 29;VILLANUEVA
VNVIP024;PLANTA VILLANUEVA - VIP 30;VILLANUEVA
VNVIP025;PLANTA VILLANUEVA - VIP 35;VILLANUEVA
VNVIP026;PLANTA VILLANUEVA - VIP 36;VILLANUEVA
VNVIP027;PLANTA VILLANUEVA - VIP 37;VILLANUEVA
VNVIP028;PLANTA VILLANUEVA - VIP 39;VILLANUEVA
VNVIP029;PLANTA VILLANUEVA - VIP 40;VILLANUEVA
VNVIP030;PLANTA VILLANUEVA - VIP 42;VILLANUEVA
VNVIP031;PLANTA VILLANUEVA - VIP 43;VILLANUEVA
VNCMD001;PLANTA VILLANUEVA - (CAMION);VILLANUEVA
VNCMD002;PLANTA VILLANUEVA - (CAMION 2);VILLANUEVA
VNTP001;PLANTA VILLANUEVA - (B. VISTA 2);VILLANUEVA
VNVIP032;PLANTA VILLANUEVA - VIP 34;VILLANUEVA
VNVIP033;PLANTA VILLANUEVA - VIP 01;VILLANUEVA
VNTP002;TDA.PIMIENTA;VILLANUEVA
VNTP003;TDA.SAN MANUEL;VILLANUEVA
VNTP004;TDA.SAN MANUEL (#2);VILLANUEVA
VNTP005;TDA.STA. BARBARA;VILLANUEVA
VNTP006;TDA.STA. BARBARA (#2);VILLANUEVA
VNTP007;TDA.STA. BARBARA (#3);VILLANUEVA
VNTP008;TDA.STA. BARBARA (#4);VILLANUEVA
VNTP009;TDA.STA. BARBARA (GALERAS 1);VILLANUEVA
VNTP010;TDA.STA. BARBARA (GALERAS 2);VILLANUEVA
VNTP011;TDA.ESPERANZA # 1;VILLANUEVA
VNTP012;TDA.ESPERANZA #3;VILLANUEVA
VNTP013;TDA.ESPERANZA # 2;VILLANUEVA
VNTP014;TDA.TAULABE;VILLANUEVA
VNTP015;TDA.YOJOA;VILLANUEVA
VNTP016;TDA.SANTA CRUZ (1);VILLANUEVA
VNTP038;TDA.POTRERILLOS (4);VILLANUEVA
VNTP039;TDA.POTRERILLOS #2;VILLANUEVA
VNTP040;TDA.TRINIDAD;VILLANUEVA
VNTP041;TDA.LAS VEGAS;VILLANUEVA
VNTP042;TDA.SANTA RITA #1;VILLANUEVA
VNTP043;TDA.SANTA RITA #2;VILLANUEVA
VNTP044;TDA.MORAZAN;VILLANUEVA
VNTP046;DIGAS;VILLANUEVA
VNCMD003;DIGAS (CAMION);VILLANUEVA
VNTP047;TDA. PROGRESO #8;VILLANUEVA
VNTP048;TDA.MONTEFRESCO;VILLANUEVA
VNTP049;TDA.MONTEFRESCO (UNION);VILLANUEVA
VNTP050;TDA.GUAMILITO;VILLANUEVA
VNTP051;TDA.SANTA MARTHA;VILLANUEVA
VNTP052;TDA.SANTA MARTHA (BRISAS DEL CARMEN);VILLANUEVA
VNTP053;TDA.SANTA MARTHA (RIVERA H.);VILLANUEVA
VNTP054;TDA.SANTA MARTHA (LOS ANGELES);VILLANUEVA
VNTP055;TDA. CIRCUNVALACION;VILLANUEVA
VNTP056;TDA. CIRCUNVALACION (BOGRAN 2);VILLANUEVA
VNTP057;TDA.15/20;VILLANUEVA
VNTP058;TDA.15/20 (CABANAS);VILLANUEVA
VNTP059;TDA.COFRADIA #1;VILLANUEVA
VNTP060;TDA.CHAMELECON;VILLANUEVA
VNTP061;TDA.CHAMELECON (#2);VILLANUEVA
VNTP063;TDA.CHAMELECON (#4);VILLANUEVA
VNTP064;TDA.CHOLOMA #1;VILLANUEVA
VNTP066;TDA.CHOLOMA (#3);VILLANUEVA
VNTP067;TDA.CHOLOMA (#4);VILLANUEVA
VNTP068;TDA.LOPEZ ARELLANO 1;VILLANUEVA
VNTP069;TDA.LOPEZ ARELLANO 9;VILLANUEVA
VNTP070;TDA.LOPEZ ARELLANO 10;VILLANUEVA
VNTP072;TDA.PAZ BARAHONA (#2);VILLANUEVA
VNTP073;TDA.LUSIANA;VILLANUEVA
VNTP074;TDA.LUSIANA (2);VILLANUEVA
VNTP074;TDA.LUSIANA (2);VILLANUEVA
VNTP075;TDA.RAPIDO CONCEPCION;VILLANUEVA
VNTP076;TDA.RAPIDO CONCEPCION (SAN PEDRO);VILLANUEVA
VNTP077;TDA.RAPIDO CONCEPCION (DIPROGAS);VILLANUEVA
VNTP079;TDA.YORO #2;VILLANUEVA
VNVIP035;TDA.YORO #2 (VIP 20);VILLANUEVA
VNTP081;TDA.LOS CASTAÑOS;VILLANUEVA
VNTP083;TDA.EL PLAN;VILLANUEVA
VNTP084;TDA.EL PLAN (SABANA);VILLANUEVA
VNTP085;TDA.PROGRESO #7;VILLANUEVA
VNTP087;TDA.REAL DEL PUENTE (VILLAS DEL RIO);VILLANUEVA
VNTP088;TDA.SAN JORGE;VILLANUEVA
VNTP089;TDA.SAN JORGE (BRISAS);VILLANUEVA
VNTP090;TDA.VILLANUEVA #3;VILLANUEVA
VNTP090;TDA.VILLANUEVA #3;VILLANUEVA
VNTP091;TDA.VILLANUEVA #3 (SANTA FE);VILLANUEVA
VNTP092;TDA.SANTIAGO;VILLANUEVA
VNTP093;TDA.MEDINA #1;VILLANUEVA
VNTP094;TDA.SAN ANTONIO;VILLANUEVA
VNTP095;TDA.PORVENIR, SAN MANUEL;VILLANUEVA
VNTP097;TDA.CEDIS PROGRESO #1 (PORVENIR);VILLANUEVA
VNTP098;TDA.VILLA REAL;VILLANUEVA
VNTP099;TDA.VILLA REAL (SIBONEY);VILLANUEVA
VNTP100;TDA.VILLA REAL (SIBONEY #2);VILLANUEVA
GBGRN004;GUANABANO GRANEL 4;GUANABANO
GBGRN003;GUANABANO GRANEL 3;GUANABANO
GBVIP004;PLANTA GUANABANO (VIP4);GUANABANO
GBVIP005;CEDIS LA GRANJA - VIP 5;GUANABANO
GBVIP007;CEDIS LA GRANJA - VIP 7;GUANABANO
GBVIP009;CEDIS LA GRANJA - VIP 9;GUANABANO
GBVIP010;CEDIS LA GRANJA - VIP 10;GUANABANO
GBVIP011;PLANTA GUANABANO (VIP 11);GUANABANO
GBVIP012;PLANTA GUANABANO (VIP12);GUANABANO
GBVIP013;PLANTA GUANABANO (VIP13);GUANABANO
GBVIP014;TDA.COMAYAGUA #1 - VIP 14;GUANABANO
GBTP022;TDA. EL PORVENIR (GB);GUANABANO
GBTP024;TDA.LAS TORRES(2);GUANABANO
GBTP024;TDA.LAS TORRES(2);GUANABANO
GBVIP029;PLANTA GUANABANO (VIP 17);GUANABANO
GBVIP030;PLANTA GUANABANO (VIP2);GUANABANO
GBTP026;TDA.TOROCAGUA (2);GUANABANO
GBTP025;TDA.LAS TORRES(3);GUANABANO
GBTP025;TDA.LAS TORRES(3);GUANABANO
GBVIP028;CEDIS LA GRANJA - VIP 8;GUANABANO
GBTP023;TDA.LOARQUE(2);GUANABANO
GBTP023;TDA.LOARQUE(2);GUANABANO
GBTP028;TDA.BOULEVARD SUYAPA (2);GUANABANO
GBGRN001;GUANABANO GRANEL 1;GUANABANO
GBGRN002;GUANABANO GRANEL 2;GUANABANO
GBCI001;GUANABANO AUTOCONSUMO;GUANABANO
GBTP027;TDA. TEUPASENTI;GUANABANO
GBCM006;TROPIGAS GUANABANO CAMION #6;GUANABANO
GBVIP027;CEDIS LA GRANJA - VIP 6;GUANABANO
GBPBCAJA1;PLANTA GUANABANO (CAJA);GUANABANO
GBTP21FEBR;TDA. 21 DE FEBRERO;GUANABANO
GBTPRESCENTROA;TDA.RESIDENCIAL CENTRO;GUANABANO
GBTPANILLOP1;TDA.ANILLO PERIFERICO;GUANABANO
GBTPANILLOP2;ANILLO PERIFERICO 2;GUANABANO
GBTPBUVARDSUY;TDA.BOULEVARD SUYAPA;GUANABANO
GBTPOBELISCO;TDA.OBELISCO;GUANABANO
GBTPVILLADELA;TDA.VILLADELA;GUANABANO
GBTPTOROCAG;TDA.TOROCAGUA;GUANABANO
GBTPELCARRIZAL;TDA.EL CARRIZAL;GUANABANO
GBTPCERROGRA;TDA.CERRO GRANDE;GUANABANO
GBTPCERROGRA2;TDA.CERRO GRANDE #2;GUANABANO
GBTPCONCORDIA;TDA.CONCORDIA;GUANABANO
GBTPCONCORDIA2;TDA.CONCORDIA 2;GUANABANO
GBTPMONSEFIALLO;TDA.MONSEÑOR FIALLOS;GUANABANO
GBTPCRUCITAS;TDA.LAS CRUCITAS;GUANABANO
GBTPESPERANZA;TDA.LA ESPERANZA;GUANABANO
GBTPSOSA;TDA.LA SOSA;GUANABANO
GBTPPRADUNIVER;TDA.PRADOS UNIVERSITARIOS;GUANABANO
GBTPHATO;TDA.HATO;GUANABANO
GBTPKENNEDY;TDA.KENNEDY;GUANABANO
GBTPKENNEDY2;TDA.KENNEDY #2;GUANABANO
GBTPTORRES;TDA.LAS TORRES;GUANABANO
GBTPVEGA;TDA.LA VEGA;GUANABANO
GBTPVEGA2;TDA LA VEGA #2;GUANABANO
GBTPPEDREGAL;TDA.PEDREGAL;GUANABANO
GBTPSANPABLO;TDA.SAN PABLO;GUANABANO
GBTPSANPABLO2;TDA.SAN PABLO (2);GUANABANO
GBTPVILLANUEVA;TDA.VILLANUEVA;GUANABANO
GBTPPINOS;TDA.LOS PINOS;GUANABANO
GBTPLOARQUE;TDA.LOARQUE;GUANABANO
GBTPCOMAYA1;TDA.COMAYAGUA #1;GUANABANO
GBTPCOMAYA2;TDA.COMAYAGUA #2;GUANABANO
GBTPCOMAYA2;TDA.COMAYAGUA #2;GUANABANO
GBTPCOMAYA3;TDA.COMAYAGUA #2 (COMAYAGUA 3);GUANABANO
GBTPCOMAYA4;TDA. COMAYAGUA #4;GUANABANO
GBTPCOMAYA4;TDA. COMAYAGUA #4;GUANABANO
GBTPPAZ;TDA.LA PAZ;GUANABANO
GBTPPAZ2;TDA.LA PAZ #2;GUANABANO
GBTPMARCALA;TDA.MARCALA;GUANABANO
GBTPMARCALA2;TDA.MARCALA 2;GUANABANO
GBTPLIBERTAD;TDA.LA LIBERTAD;GUANABANO
GBTPDANLI;TDA.DANLI;GUANABANO
GBTPDANLI;TDA.DANLI;GUANABANO
GBTPDANLI;TDA.DANLI;GUANABANO
GBTPDANLI;TDA.DANLI;GUANABANO
GBTPDANLI2;TIENDA DANLI#2;GUANABANO
GBTPDANLI2;TIENDA DANLI#2;GUANABANO
GBTPDANLI2;TIENDA DANLI#2;GUANABANO
GBTPTROJES;TDA.TROJES;GUANABANO
GBTPTALANGA;TDA.TALANGA;GUANABANO
GBTPTALANGA2;TDA.TALANGA 2;GUANABANO
GBTPPARAISO;TDA. EL PARAISO;GUANABANO
GBVIP001;PLANTA GUANABANO (VIP1);GUANABANO
GBVIP003;PLANTA GUANABANO (VIP3);GUANABANO
GBVIP015;TDA.COMAYAGUA #1 - VIP 15;GUANABANO
GBVIP016;TDA.COMAYAGUA #1 - VIP 16;GUANABANO
GBVIP018;TDA.DANLI - VIP 18;GUANABANO
GBVIP019;CEDIS LA GRANJA - VIP 19;GUANABANO
GBVIP020;PLANTA GUANABANO (VIP20);GUANABANO
GBVIP021;TDA.DANLI - VIP 21;GUANABANO
GBVIP022;CEDIS LA GRANJA - VIP 22;GUANABANO
GBVIP023;CEDIS LA GRANJA - VIP 23;GUANABANO
GBVIP024;PLANTA GUANABANO (VIP 24);GUANABANO
GBVIP025;PLANTA GUANABANO (VIP25);GUANABANO
GBVIP026;PLANTA GUANABANO (VIP 26);GUANABANO
GBCM004;PLANTA GUANABANO CAMION#4;GUANABANO
GBCM003;PLANTA GUANABANO CAMION#3;GUANABANO
GBCM001;PLANTA GUANABANO CAMION#1;GUANABANO
GBCM002;PLANTA GUANABANO CAMION#2;GUANABANO
GBCM005;PLANTA GUANABANO CAMION#5;GUANABANO
CAVIP005;PLANTA CALPULES - VIP 05;CALPULES
CAVIP006;PLANTA CALPULES - VIP 06;CALPULES
CAVIP007;PLANTA CALPULES - VIP 07;CALPULES
CAVIP008;PLANTA CALPULES - VIP 08;CALPULES
CAVIP009;PLANTA CALPULES - VIP 10;CALPULES
CAVIP010;PLANTA CALPULES - VIP 12;CALPULES
CAVIP011;PLANTA CALPULES - VIP 14;CALPULES
CAVIP012;PLANTA CALPULES - VIP 11;CALPULES
CAVIP013;PLANTA CALPULES - VIP 13;CALPULES
CAVIP014;PLANTA CALPULES - VIP 15;CALPULES
CATPCELEO;CELEO GONZALEZ;CALPULES
CATP066;TDA VICTORIA(SINOR);CALPULES
CATP070;TDA.PRIMAVERA CHOLOMA (JUTUOSA);CALPULES
CATP067;PLANTA CALPULES (SANTA MARTHA);CALPULES
CATP071;TDA.LIMA # 1(AMERICANA);CALPULES
CATP072;TDA. LAS BRISAS(UNIVERSIDAD#1);CALPULES
CATP073;"TDA. LAS BRISAS(UNIVERSIDAD#2)	";CALPULES
CATP062;TDA PALERMO(SAN ISIDRO);CALPULES
CATP065;TDA CHOLOMA CENTRO(LOS PRADOS);CALPULES
CACI001;CALPULES AUTOCONSUMO;CALPULES
CATP069;TDA.PALERMO(Q.YORO);CALPULES
CATP077;TDA. SOLANO(SAN MIGUEL);CALPULES
CATP060;TDA PALERMO(BRISAS DEL ULUA);CALPULES
CATP061;TDA PALERMO(COROCOL#2);CALPULES
CATP063;TDA PALERMO(QUEBRADA SECA);CALPULES
CATP064;TDA LIMA LA PAZ(VEINTE);CALPULES
CATP075;TDA.PALERMO(#2);CALPULES
CATP076;TDA.LAS BRISAS(RIO B.#3);CALPULES
CATP068;TDA.PALERMO(FLORES DE MAYO);CALPULES
CATP074;TDA.ANDALUCIA (EL MANGAL);CALPULES
CAPB001;PLANTA CALPULES - CAJA;CALPULES
CATP001;TDA.LIMA # 1;CALPULES
CATP002;TDA.PALERMO;CALPULES
CATP003;TDA.GUAYMITAS;CALPULES
CATP004;TDA.GUAYMITAS (MEZAPA);CALPULES
CATP005;TDA.ANDY GAS;CALPULES
CATP006;TDA.LIMA SAN JUAN;CALPULES
CATP007;TDA.PRIMAVERA CHOLOMA (1);CALPULES
CATP008;TDA.SOLANO;CALPULES
CATP009;TDA.CHOLOMA CENTRO;CALPULES
CATP010;TDA. CERRO VERDE;CALPULES
CATP011;TDA.GRACIAS A DIOS;CALPULES
CATP012;TDA.NUEVO SAN JUAN;CALPULES
CATP013;TDA.PRIMAVERA CHOLOMA (2);CALPULES
CATP014;TDA.PRIMAVERA CHOLOMA (EL BANCO);CALPULES
CATP015;TDA. CIUDAD NUEVA (SINAI);CALPULES
CATP016;TDA.MONTEBELLO (SANTA ANA);CALPULES
CATP017;TDA.PROGRESO #1 (PROGRESO 2);CALPULES
CATP018;PLANTA CALPULES (COSMUL);CALPULES
CATP019;TDA. CIUDAD NUEVA (NUEVA INVERSION);CALPULES
CATP020;PLANTA CALPULES (CENTRAL);CALPULES
CATP021;TDA.PRADERA;CALPULES
CATP022;PLANTA CALPULES (KITUR);CALPULES
CATP023;TDA.LOS CASTAÑOS (RIO BLANCO 2);CALPULES
CATP024;TDA.PROGRESO #1 (CENTENARIO);CALPULES
CATP025;TDA.PROGRESO #1 (BENDECK);CALPULES
CATP026;TDA.VALLE DE SULA (ISLAS DEL PROGRESO);CALPULES
CATP027;TDA.SOLANO (LIBERTAD);CALPULES
CATP028;TDA.SATELITE (REPARTO L);CALPULES
CATP029;TDA.LAS BRISAS;CALPULES
CATP030;TDA.SAN CARLOS DE SULA;CALPULES
CATP031;TDA.EL BENQUE;CALPULES
CATP032;TDA.SATELITE;CALPULES
CATP033;TDA.LOMAS DE SAN JUAN;CALPULES
CATP034;TDA. SANDOVAL;CALPULES
CATP035;TDA.LA UNION;CALPULES
CATP036;TDA.CABANAS;CALPULES
CATP037;PLANTA CALPULES (LA PLANETA);CALPULES
CATP038;TDA.BARANDILLAS;CALPULES
CATP039;TDA.MEDINA #2;CALPULES
CATP040;TDA.NERY GAS (TIKAMAYA);CALPULES
CATP041;TDA.LIMA LA PAZ;CALPULES
CATP042;TDA. CIUDAD NUEVA;CALPULES
CATP043;TDA.NERY GAS (REAL DEL CAMPO);CALPULES
CATP044;PLANTA CALPULES (SAUCE);CALPULES
CATP045;TDA.LAS PALMAS;CALPULES
CATP046;TDA.ANDALUCIA;CALPULES
CATP047;TDA.ANDY GAS (PARAISO 3);CALPULES
CATP048;TIENDA LAS BRISAS #2;CALPULES
CATP049;TDA. FELIPE ZELAYA;CALPULES
CATP050;TDA.EL BENQUE (LEMPIRA);CALPULES
CATP051;TDA.ANDALUCIA (SUNCERY);CALPULES
CATP052;TDA. LIMA LA PAZ (ORO VERDE);CALPULES
CATP053;TDA. SAN CARLOS 2;CALPULES
CATP054;TDA.LIMA # 1 (SITRATERCO);CALPULES
CATP055;TDA.VALLE DE SULA (FRONTERA);CALPULES
CATP056;TDA.NERY GAS;CALPULES
CATP057;TDA.ANDALUCIA #2;CALPULES
CATP058;TDA. CIUDAD NUEVA (CIUDAD NUEVA 2);CALPULES
CATP059;TDA.VICTORIA;CALPULES
CAVIP001;PLANTA CALPULES - VIP 01;CALPULES
CAVIP002;PLANTA CALPULES - VIP 02;CALPULES
CAVIP003;PLANTA CALPULES - VIP 03;CALPULES
CAVIP004;PLANTA CALPULES - VIP 04;CALPULES
LCPBCAJA1;PLANTA CEIBA (CAJA);LA CEIBA
LCTPTELA;TDA.TELA;LA CEIBA
LCTP14JULIO;TDA.14 DE JULIO;LA CEIBA
LCTPCDTELA;TDA.C.D.TELA;LA CEIBA
LCTPTELA3;TDA.C.D.TELA (TELA3);LA CEIBA
LCTPLAISLA;PLANTA CEIBA (LA ISLA);LA CEIBA
LCTPUNION;PLANTA CEIBA (UNION);LA CEIBA
LCTPSANISIDRO;TDA.SAN ISIDRO (CEIBA);LA CEIBA
LCTPARIZONA;TDA.ARIZONA;LA CEIBA
LCTPMUNICIPAL;PLANTA CEIBA (MUNI);LA CEIBA
LCTPSANTAANA;TDA.SAN FRANCISCO (SANTA ANA);LA CEIBA
LCTPPRADERA;TDA. EL CONFITE (PRADERA);LA CEIBA
LCTPPORVENIR;TDA.EL PORVENIR;LA CEIBA
LCTPSIERRAPINA;TDA.SAN ISIDRO (CEIBA SIERRA);LA CEIBA
LCTPSAMBOK;PLANTA CEIBA (SAMBO);LA CEIBA
LCTPSANJUAN3;TDA.SAN JUAN 3;LA CEIBA
LCTPENCENADA;TDA.TELA (ENCENADA);LA CEIBA
LCTPTELA4;TDA.TELA (TELA4);LA CEIBA
LCTPPINO;TDA.EL PINO;LA CEIBA
LCTPMASICA;TDA.MASICA;LA CEIBA
LCTPJUTIAPA;TDA.JUTIAPA;LA CEIBA
LCTPBOMEJIA;PLANTA CEIBA (BMEJIA);LA CEIBA
LCTPMK17;TDA.KM 17;LA CEIBA
LCTPVILLANEE;TDA.14 DE JULIO (VILLANEE);LA CEIBA
LCVIP003;PLANTA CEIBA (VIP3);LA CEIBA
LCVIP006;PLANTA CEIBA (VIP6);LA CEIBA
LCVIP007;PLANTA CEIBA (VIP7);LA CEIBA
LCCI001;LA CEIBA AUTOCONSUMO;LA CEIBA
LCVIP008;PLANTA CEIBA (VIP1);LA CEIBA
LCGRN001;LA CEIBA GRANEL 1;LA CEIBA
LCCMD001;PLANTA LA CEIBA (CAMION);LA CEIBA
SRTPENTRADA2;TDA.LA ENTRADA #2;SANTA ROSA 
SRTPENTRADA3;TDA.LA ENTRADA #3;SANTA ROSA 
SRTPENTRADA4;TDA.LA ENTRADA #2 (4);SANTA ROSA 
SRTPGRACIAS1;TDA.GRACIAS (1);SANTA ROSA 
SRTPGRACIAS2;TDA.GRACIAS (2);SANTA ROSA 
SRTPGRACIAS3;TDA.GRACIAS (3);SANTA ROSA 
SRTPLEPAERA;TDA.LEPAERA;SANTA ROSA 
SRTPOCOTEP3;TDA.OCOTEPEQUE 3;SANTA ROSA 
SRTPOCOTEP1;TDA.OCOTEPEQUE (1);SANTA ROSA 
SRTPOCOTEP2;TDA.OCOTEPEQUE (2);SANTA ROSA 
SRTPOCOTEP4;TDA.OCOTEPEQUE (4);SANTA ROSA 
SRTPOCOTEP5;TDA.OCOTEPEQUE (5);SANTA ROSA 
SRTPOCOTEP6;TDA.OCOTEPEQUE (6);SANTA ROSA 
SRTPSANMARC1;TDA.SAN MARCOS (1);SANTA ROSA 
SRTPSANMARC3;TDA.SAN MARCOS (3);SANTA ROSA 
SRTPSANTARITA;TDA.SANTA RITA;SANTA ROSA 
SRTPSANMARC2;TDA.SAN MARCOS (2);SANTA ROSA 
SRVIP001;PLANTA SANTA ROSA (VIP 1);SANTA ROSA 
SRVIP002;TDA.OCOTEPEQUE (VIP 2);SANTA ROSA 
SRVIP003;TDA.LA ENTRADA #2 (VIP 03);SANTA ROSA 
SRVIP004;PLANTA SANTA ROSA (VIP 4);SANTA ROSA 
SRVIP005;PLANTA SANTA ROSA (VIP 5);SANTA ROSA 
SRVIP006;TDA.GRACIAS (VIP 6);SANTA ROSA 
SRVIP007;TDA.SAN MARCOS (VIP 7);SANTA ROSA 
SRVIP008;PLANTA SANTA ROSA (VIP 8);SANTA ROSA 
SRVIP009;TDA.COPAN RUINAS (VIP 9);SANTA ROSA 
SRVIP011;PLANTA SANTA ROSA (VIP 11);SANTA ROSA 
SRVIP012;PLANTA SANTA ROSA (VIP 12);SANTA ROSA 
SRVIP013;TDA.OCOTEPEQUE (VIP13);SANTA ROSA 
SRPBCAJA1;PLANTA SANTA ROSA (CAJA);SANTA ROSA 
SRTPCOPR1;TDA.COPAN RUINAS (1);SANTA ROSA 
SRTPCOPR2;TDA.COPAN RUINAS (2);SANTA ROSA 
SRTPCUCUY1;TDA.CUCUYAGUA (1);SANTA ROSA 
SRTPCUCUY2;TDA.CUCUYAGUA (2);SANTA ROSA 
SRTPTERMINAL;PLANTA SANTA ROSA (TERMINAL);SANTA ROSA 
SRTPSANTAR1;PLANTA SANTA ROSA (TDA 1);SANTA ROSA 
SRTPSANTAR1;PLANTA SANTA ROSA (TDA 1);SANTA ROSA 
SRTPSANTAR2;PLANTA SANTA ROSA (2);SANTA ROSA 
SRTPSANTAR2;PLANTA SANTA ROSA (2);SANTA ROSA 
SRTPSANTAR3;PLANTA SANTA ROSA (3);SANTA ROSA 
SRTPSANJUAN;TDA.SAN JUAN;SANTA ROSA 
SRTPLAENTRADA;TDA.LA ENTRADA;SANTA ROSA 
SRGRN001;SANTA ROSA GRANEL 1;SANTA ROSA 
SRTP007;TDA.LEPAERA(2);SANTA ROSA 
SRTP009;TDA. SANTA ROSA 4;SANTA ROSA 
SRTP010;TDA.CUCUYAGUA (3);SANTA ROSA 
SRCMD001;PLANTA SANTA ROSA (CAMION 2);SANTA ROSA 
SRTP008;TDA.OCOTEPEQUE 3 (SINUAPA1);SANTA ROSA 
SRCI001;SANTA ROSA AUTOCONSUMO;SANTA ROSA 
SRVIP018;TDA.LEPAERA(VIP 16);SANTA ROSA 
SRVIP016;PLANTA SANTA ROSA (VIP 14);SANTA ROSA 
SRVIP017;TDA.LA ENTRADA #2 (VIP 010);SANTA ROSA 
SRTP011;PLANTA SANTA ROSA (TDA 6);SANTA ROSA 
TUTP007;TDA.GUALACO;TULIN
TLVIP007;PLANTA TULIN (VIP CATACAMAS #3);TULIN
TLPBCAJA1;PLANTA TULIN (CAJA);TULIN
TLVIP001;PLANTA TULIN (VIP1);TULIN
TLVIP002;PLANTA TULIN (VIPCATACAMAS2);TULIN
TLVIP003;PLANTA TULIN (VIP2);TULIN
TLVIP004;PLANTA TULIN (VIP4);TULIN
TLVIP006;PLANTA TULIN (VIP6);TULIN
TLTPCAMPAMEN;TDA.CAMPAMENTO;TULIN
TLTPJUTICALPA2;TDA.JUTICALPA # 2;TULIN
TLTPJUTICALPA1;TDA.JUTICALPA # 1;TULIN
TLTPCATACAMAS1;TDA.CATACAMAS #1;TULIN
TLTOJUTICALPA3;TDA.JUTICALPA # 3;TULIN
TLPCATACAMAS2;TDA.CATACAMAS # 2;TULIN
TLTPCATACAMAS5;TDA.CATACAMAS #2 (5);TULIN
TLTPSESTEBAN;TDA.SAN ESTEBAN;TULIN
TLTPCATACAMAS3;TDA.CATACAMAS #3;TULIN
TLTPCATACAMAS6;TDA.CATACAMAS #3 (6);TULIN
TLTPJUTICALPA4;TDA.JUTICALPA #4;TULIN
TLTPGUAIMACA;TDA.GUAIMACA;TULIN
TLTPGUAIMACA;TDA.GUAIMACA;TULIN
TLTPCATACAMAS4;TDA.CATACAMAS #4;TULIN
TLTPSFCLAPAZ;TDA.SAN FCO. DE LA PAZ;TULIN
TLTPJUTIQUILE;TDA. JUTIQUILE;TULIN
TLTPSFCBECERRA;TDA.SAN FCO. DE BECERRA;TULIN
TLTOMDELREAL;TDA.STA. MARIA DEL REAL;TULIN
TLTPCONCEPCION;TDA. CONCEPCIÓN;TULIN
TUCMD001;TROPIGAS TULIN CAMION #1;TULIN
TUCI001;"TULIN AUTOCONSUMO	";TULIN
TUTP008;TDA.JUTICALPA #5;TULIN
TLTP009;TDA.JUTICALPA # 1(LA GRANJA);TULIN
TUCMD002;TROPIGAS TULIN CAMION #2;TULIN
SBVIP006;PLANTA SABA (VIP6);SABA 
SBVIP007;PLANTA SABA (VIP7);SABA 
TLCMD001;PLANTA SABA (CAMION1);SABA 
SBTPTOMALA001;TDA. ACHIOTE;SABA 
SBTPTOMALA002;TDA. TOCOA 3;SABA 
SBTP023;TDA. COYOLES #2;SABA 
SBTP024;TDA TRUJILLO #2;SABA 
SBTP027;TDA AGRICULTOR;SABA 
SBTP028;TDA SALAMA#2;SABA 
SBTP030;TDA ELIXIR#3;SABA 
SBTP032;TDA.ACHIOTE#2;SABA 
SBCI001;SABA  AUTOCONSUMO;SABA 
SBVIP011;PLANTA SABA VIP #11;SABA 
SBTP026;TDA SAN LUIS #2;SABA 
SBCMD003;PLANTA SABA CAMION # 3;SABA 
SBVIP010;PLANTA SABA VIP # 10;SABA 
SBTP022;TDA. TEGUAJAL;SABA 
SBTPLAUVA;PLANTA SABA - LA UVA;SABA 
SBTPBORIENTAL;TDA. BONITO ORIENTAL;SABA 
SBTPOLANCHI1;TDA.OLANCHITO #1;SABA 
SBTPSABA1;TDA. SABA 1;SABA 
SBTPSONAGU1;TDA.SONAGUERA 1;SABA 
SBTPTEPUSTECA;TDA.TEPUSTECA;SABA 
SBTPTOCOA1;TDA.TOCOA #1;SABA 
SBTPTRUJILLO;TDA.TRUJILLO;SABA 
SBTPSABA2;TDA. SABA 2;SABA 
SBTPOLANCHI5;TDA.OLANCHITO #2 (5);SABA 
SBTPSABA4;TDA. SABA 4;SABA 
SBTPCHORRERA;TDA.COYOLES (CHO);SABA 
SBTPSANLUIS;TDA.TEPUSTECA (S.L);SABA 
SBTPQUEBRADAARE;TDA.TOCOA #3 (Q. A.);SABA 
SBTPPARMA;TDA.SONAGUERA (PA);SABA 
SBTPTOCOA4;TDA.TOCOA #3 (4);SABA 
SBTPMENDEZ;TDA.OLANCHITO #1 (MENDEZ);SABA 
SBTPSONAGU3;TDA.SONAGUERA (3);SABA 
SBTPPALTO;TDA.SONAGUERA (P.ALTO);SABA 
SBTPTOCOA2;TDA.TOCOA #3 (2);SABA 
SBTPOLANCHITO2;TDA.OLANCHITO #2;SABA 
SBTPISLETA;TDA.SONAGUERA (ISLETAS);SABA 
SBTPOLANCHITO3;TDA.OLANCHITO #2 (3);SABA 
SBTPSONAGU2;TDA.SONAGUERA (2);SABA 
SBTPTOCOA10;TDA.TOCOA #10;SABA 
SBTPCEIBITA;TDA.TOCOA #1 (CEIBITA);SABA 
SBTPTOCOA6;TDA.TOCOA #1 (6);SABA 
SBTPSONAGU4;TDA.SONAGUERA (4);SABA 
SBPBCAJA1;PLANTA SABA - CAJA;SABA 
TLCMD002;PLANTA SABA (CAMION2);SABA 
SBTP029;TDA NUEVA OLANCHITO #9;SABA 
SBTP031;TDA SONAGUERA #5;SABA 
SBTP033;TDA ESPERANZA BONITO;SABA 
SBGRN001;SABA GRANEL ;SABA 
SBVIP009;PLANTA SABA VIP # 9;SABA 
SBTP025;TDA TOCOA#11;SABA 
SBTP025;TDA TOCOA#11;SABA 
SBTPSABA3;TDA. SABA (3);SABA 
SBTPCHUSQUERA;TDA.SONAGUERA (CHURRU);SABA 
SBTPOLANCHITO4;TDA.OLANCHITO #2 (4);SABA 
SBTPSABA5;TDA. SABA (5);SABA 
SBTPVUEVAE;TDA.JUTIAPA (NUEVA E);SABA 
SBTPTOCOA9;TDA.TOCOA #9;SABA 
SBTPOLANCHITO6;TDA.OLANCHITO #2 (6);SABA 
SBTPOLANCHITO7;TDA.OLANCHITO #1 (7);SABA 
SBTPTOCOA8;TDA.TOCOA #1 (8);SABA 
SBTPTOCOA7;TDA.TOCOA #1 (7);SABA 
SBTPBORIENTAL2;TDA. BONITO ORIENTAL (2);SABA 
SBTPELIXIR;TDA. ELIXIR;SABA 
SBTPLOMITAS;TDA. SABA 1 (LOMITAS);SABA 
SBTPLOMITAS;TDA. SABA 1 (LOMITAS);SABA 
SBTPSALAMA;TDA.SALAMA;SABA 
SBTPCOROCITO;TDA. BONITO ORIENTAL (COROCITO);SABA 
SBTPBORIENTAL3;TDA. BONITO ORIENTAL 3;SABA 
SBTPOLANCHITO8;TDA. OLANCHITO 8;SABA 
SBTP21ABRIL;TDA. 21 DE ABRIL;SABA 
SBTPZAMORA;TDA.ZAMORA;SABA 
SBTPZAMORA;TDA.ZAMORA;SABA 
SBTPTOCOA5;TDA.TOCOA #3 (5);SABA 
SBTPELIXIR2;TDA. ELIXIR (2);SABA 
SBTPELIXIR2;TDA. ELIXIR (2);SABA 
SBTPTOMALA;TDA. TOMALÁ;SABA 
SBVIP002;PLANTA SABA (VIP2);SABA 
SBVIP003;PLANTA SABA (VIP3);SABA 
SBVIP004;PLANTA SABA (VIP4);SABA 
SBVIP005;PLANTA SABA (VIP5);SABA 
SBVIP008;PLANTA SABA (VIP8);SABA 
CHVIP009;PLANTA EL CHILE (VIP11);EL CHILE
CHPB001;PLANTA EL CHILE (CAJA);EL CHILE
CHTP013;TDA.TULIAN RIO;EL CHILE
CHTP030;TDA.URRACO PUEBLO #2;EL CHILE
CHTP029;TDA.URRACO PUEBLO;EL CHILE
CHTP007;TDA.SAN RAMON (1);EL CHILE
CHTP011;TDA.EL PORVENIR (CH);EL CHILE
CHTP006;TDA.SAN ISIDRO;EL CHILE
CHTP010;TDA.15 CALLE;EL CHILE
CHTP019;TDA.POTRERILLOS (CH1);EL CHILE
CHTP001;S.A TDA.BARACOA;EL CHILE
CHTP018;TDA.TEGUCIGALPITA;EL CHILE
CHTP014;TDA.OMOA (1);EL CHILE
CHTP017;TDA.CUYAMEL;EL CHILE
CHTP005;TDA.LA ROCA;EL CHILE
CHTP020;TDA.POTRERILLOS (CH2);EL CHILE
CHTP004;TDA.NUEVOS HORIZONTES;EL CHILE
CHTP016;TDA.EL PARAISO;EL CHILE
CHTP025;TDA. GUANACASTALES;EL CHILE
CHTP026;TDA.EL SAUCE;EL CHILE
CHTP031;TDA.KILOMETRO 45;EL CHILE
CHTP024;TDA.MEDINA (CH);EL CHILE
CHTP021;PLANTA EL CHILE (1);EL CHILE
CHVIP003;PLANTA EL CHILE (VIP 03);EL CHILE
CHVIP006;PLANTA EL CHILE (VIP 10);EL CHILE
CHCMD001;PLANTA EL CHILE (CAMION 1);EL CHILE
CHVIP010;PLANTA EL CHILE (VIP 02);EL CHILE
CHGRN001;EL CHILE GRANEL 1;EL CHILE
CHCI001;EL CHILE  AUTOCONSUMO;EL CHILE
CHTP033;TDA.TULIAN RIO #2;EL CHILE
CHTP034;TDA.EL PARAISO(2);EL CHILE
CHTP035;S.A TDA.BARACOA (2);EL CHILE
CHTP037;PLANTA EL CHILE (1) (CHAMECONCITO);EL CHILE
CHTP032;TDA.OMOA (2);EL CHILE
CHVIP012;PLANTA EL CHILE (VIP 01);EL CHILE
CHVIP013;"PLANTA EL CHILE (VIP 05)	";EL CHILE
CHTP036;S.A TDA.BARACOA(CAMPANA);EL CHILE
CHVIP011;PLANTA EL CHILE (VIP 04);EL CHILE
SETP004;TDA. SAN JERONIMO;SANTA ELENA
SECMD002;TROPIGAS SANTA ELENA CAMION # 2;SANTA ELENA
SEGRN001;SANTA ELENA GRANEL 1;SANTA ELENA
SETP005;TDA.RENACER;SANTA ELENA
SETP006;"TDA.GOASCORAN
";SANTA ELENA
SETP007;TDA.SAN LORENZO (3);SANTA ELENA
SEPBCAJA1;PLANTA SANTA ELENA (CAJA);SANTA ELENA
SETPLIBERTAD;TDA. LA LIBERTAD;SANTA ELENA
SETPVALLE;TDA.VALLE;SANTA ELENA
SETPCHOLUTECA;TDA.CHOLUTECA;SANTA ELENA
SETPCHOLUTECA2;TDA.CHOLUTECA (2);SANTA ELENA
SETPGUADALUPE;TDA.CHOLUTECA (GUADALUPE);SANTA ELENA
SETPNACAOME;TDA.NACAOME (1);SANTA ELENA
SETPNACAOME2;TDA.NACAOME (2);SANTA ELENA
SETPMONJARAS;TDA.MONJARAS;SANTA ELENA
SETPMOJARAS2;TDA.MONJARAS (2);SANTA ELENA
SETPLIBERTAD2;TDA. LA LIBERTAD (2);SANTA ELENA
SETPATERRIZAJE;EL ATERRIZAJE;SANTA ELENA
SETPTRIUNFO;TDA. EL TRIUNFO;SANTA ELENA
SETPSANMARCOS;TDA. SAN MARCOS #1 (S.E);SANTA ELENA
SETPSANMARCOS;TDA. SAN MARCOS #1 (S.E);SANTA ELENA
SETPSLORENZO1;TDA.SAN LORENZO (1);SANTA ELENA
SETPSLORENZO2;TDA.SAN LORENZO (2);SANTA ELENA
SETPNACAOME3;TDA.NACAOME (3);SANTA ELENA
SETPLANGUE;TDA. LANGUE;SANTA ELENA
SETPSANTAELENA2;PLANTA SANTA ELENA (2);SANTA ELENA
SETPSANTAELENA2;PLANTA SANTA ELENA (2);SANTA ELENA
SEVIP001;PLANTA SANTA ELENA - VIP 01;SANTA ELENA
SEVIP002;PLANTA SANTA ELENA - VIP 02;SANTA ELENA
SEVIP003;PLANTA SANTA ELENA - VIP 03;SANTA ELENA
SEVIP004;PLANTA SANTA ELENA - VIP 04;SANTA ELENA
SEVIP005;PLANTA SANTA ELENA - VIP 05;SANTA ELENA
SEVIP006;PLANTA SANTA ELENA - VIP 06;SANTA ELENA
SEVIP008;PLANTA SANTA ELENA - VIP 08;SANTA ELENA
SEVIP009;PLANTA SANTA ELENA - VIP 09;SANTA ELENA
SETP008;TDA.SAN LORENZO (4);SANTA ELENA
SEVIP010;PLANTA SANTA ELENA - VIP 07;SANTA ELENA
SECI001;SANTA ELENA AUTOCONSUMO;SANTA ELENA
SECMD001;PLANTA SANTA ELENA CAMION # 1;SANTA ELENA
SETP009;TDA.LAS COLINAS;SANTA ELENA
